<?xml version="1.0" encoding="ISO-8859-1"?>
<route>
	<name>Rio Grande Rift</name>
	<description>A test route for Albuquerque</description>
	<length>100</length>
	<boundry></boundry>
	<location type="binocular">
		<name>Juan Tabo Aureole</name>
		<description>Juan Tabo Aureole</description>
		<lat>35.205374</lat>
		<long>-106.502931</long>
		<elevation>3255</elevation>
	</location>
		<location type="binocular">
		<name>Shield</name>
		<description>Sandia Shield</description>
		<lat>35.257535</lat>
		<long>-106.447763</long>
		<elevation>3255</elevation>
	</location>
		<location type="binocular">
		<name>Tijeras Fault</name>
		<description>Tijeras Fault Zone</description>
		<lat>35.096386</lat>
		<long>-106.422687</long>
		<elevation>3255</elevation>
	</location>
		<location type="binocular">
		<name>Palomas Peak</name>
		<description>Palomas Peak</description>
		<lat>35.233912</lat>
		<long>-106.40389</long>
		<elevation>3255</elevation>
	</location>
	<location type="binocular">
		<name>Placer Mtn</name>
		<description>Placer Mountain/Cerillos Hills</description>
		<lat>35.334733</lat>
		<long>-106.168556</long>
		<elevation>3255</elevation>
	</location>
	<location type="binocular">
		<name>Crest</name>
		<description>Welcome to the Sandia Crest overlook.  At just over 10,000 feet you may be able to see many geologic features of the Albuquerque area.</description>
		<lat>35.2089</lat>
		<long>-106.4469</long>
		<elevation>3255</elevation>
	</location>
	<location type="binocular">
		<name>UNM</name>
		<description>The University of New Mexico</description>
		<lat>35.0839</lat>
		<long>-106.6186</long>
		<elevation>1490</elevation>
	</location>
	<location type="stop">
		<name>Sandia Crest</name>
		<description>Welcome to the Sandia Crest overlook.  At just over 10,000 feet you may be able to see many geologic features of the Albuquerque area.</description>
		<lat>35.1076648</lat>
		<long>-106.5927651</long>
		<elevation>1200</elevation>
		<alert_radius>100</alert_radius>
		<content_radius>10</content_radius>
		<audio>
			<name>First Audio</name>
			<file>audio_test1.mp3</file>
			<prioriety>1</prioriety>
		</audio>
		<audio>
			<name>Second Audio</name>
			<file>audio_test2.mp3</file>
			<prioriety>50</prioriety>
		</audio>
		<audio>
			<name>Third Audio</name>
			<file>audio_test3.mp3</file>
			<prioriety>100</prioriety>
		</audio>
		<image>
			<name>First Image</name>
			<description>Description of image 1</description>
			<file>test_image1.png</file>
		</image>
		<image>
			<name>Second Image</name>
			<description>Description of image 2</description>
			<file>test_image2.jpg</file>
		</image>
		<image>
			<name>Third Image</name>
			<description>Description of image 3</description>
			<file>test_image3.jpg</file>
		</image>
		<binocularView>UNM</binocularView>
		<binocularView>Crest</binocularView>
		<binocularView>Juan Tabo Aureole</binocularView>
		<binocularView>Shield</binocularView>
		<binocularView>Tijeras Fault</binocularView>
		<binocularView>Palomas Peak</binocularView>
		<binocularView>Placer Mtn</binocularView>
	</location>
	
	<location type="interest">
		<name>Jefferson</name>
		<description>Jefferson Middle School</description>
		<lat>35.087743</lat>
		<long>-106.611218</long>
		<elevation>1490</elevation>
		<content_radius>10</content_radius>
		<audio>
			<name>Third Audio</name>
			<file>audio_test3.mp3</file>
			<prioriety>50</prioriety>
		</audio>
	</location>
	
</route>